{"cameraMode":{"drawMode":0,"name":"Shaded","section":"Shading Mode"},"sceneLighting":false,"audioPlay":false,"sceneViewState":{"m_AlwaysRefresh":false,"showFog":true,"showSkybox":false,"showFlares":true,"showImageEffects":true,"showParticleSystems":true,"showVisualEffectGraphs":true,"m_FxEnabled":true},"in2DMode":false,"pivot":{"x":-0.172530397772789,"y":0.4573025703430176,"z":-0.6200839877128601},"rotation":{"x":-0.0005442366818897426,"y":-0.9993970394134522,"z":-0.019184181466698648,"w":0.03093041479587555},"size":0.9912991523742676,"orthographic":false}