{"cameraMode":{"drawMode":0,"name":"Shaded","section":"Shading Mode"},"sceneLighting":false,"audioPlay":false,"sceneViewState":{"m_AlwaysRefresh":false,"showFog":false,"showSkybox":false,"showFlares":false,"showImageEffects":false,"showParticleSystems":false,"showVisualEffectGraphs":true,"m_FxEnabled":true},"in2DMode":false,"pivot":{"x":0.027676820755004884,"y":0.8311119675636292,"z":0.04852542281150818},"rotation":{"x":0.12089508026838303,"y":-0.7746605277061462,"z":0.14635926485061646,"w":0.6041947603225708},"size":1.3222129344940186,"orthographic":false}