{"cameraMode":{"drawMode":0,"name":"Shaded","section":"Shading Mode"},"sceneLighting":false,"audioPlay":false,"sceneViewState":{"m_AlwaysRefresh":false,"showFog":true,"showSkybox":false,"showFlares":true,"showImageEffects":true,"showParticleSystems":true,"showVisualEffectGraphs":true,"m_FxEnabled":true},"in2DMode":false,"pivot":{"x":475.49981689453127,"y":224.99996948242188,"z":87.09492492675781},"rotation":{"x":0.344137966632843,"y":-0.003674002131447196,"z":0.0012507910141721368,"w":0.9389494061470032},"size":533.2078857421875,"orthographic":false}