{"cameraMode":{"drawMode":0,"name":"Shaded","section":"Shading Mode"},"sceneLighting":true,"audioPlay":false,"sceneViewState":{"m_AlwaysRefresh":false,"showFog":true,"showSkybox":true,"showFlares":true,"showImageEffects":true,"showParticleSystems":true,"showVisualEffectGraphs":true,"m_FxEnabled":true},"in2DMode":false,"pivot":{"x":167.1396026611328,"y":-157.14710998535157,"z":272.2245178222656},"rotation":{"x":-0.47353821992874148,"y":0.16254892945289613,"z":-0.08944321423768997,"w":-0.8610637187957764},"size":110.31463623046875,"orthographic":false}