{"cameraMode":{"drawMode":0,"name":"Shaded","section":"Shading Mode"},"sceneLighting":true,"audioPlay":false,"sceneViewState":{"m_AlwaysRefresh":false,"showFog":true,"showSkybox":true,"showFlares":true,"showImageEffects":true,"showParticleSystems":true,"showVisualEffectGraphs":true,"m_FxEnabled":true},"in2DMode":false,"pivot":{"x":230.5919189453125,"y":-43.140724182128909,"z":672.2273559570313},"rotation":{"x":-0.14127324521541596,"y":0.2999080419540405,"z":-0.045002974569797519,"w":-0.9424253106117249},"size":110.31463623046875,"orthographic":false}